{
    "orc": {
        "health": {
            "base": 20,
            "scale": 1
        },
        "speed": {
            "base": 8,
            "scale": 1
        },
        "attack": {
            "base": 6,
            "scale": 1
        },
        "sprite": "orc.png"
    },
    "goblin": {
        "health": {
            "base": 5,
            "scale": 1
        },
        "speed": {
            "base": 20,
            "scale": 1
        },
        "attack": {
            "base": 1,
            "scale": 1
        },
        "sprite": "goblin.png"
    }
}
