{
    "chicken": {
        "max_health": {
            "boost": 4,
            "decay": 0
        },
        "speed": {
            "boost": 3,
            "decay": 0
        },
        "attack": {
            "boost": 5,
            "decay": 0
        },
        "curr_health_boost": 3,
        "score_boost": 2,
        "decay_duration": 0,
        "sprite": "chicken.png"
    },
    "pizza": {
        "max_health": {
            "boost": 3,
            "decay": 1
        },
        "speed": {
            "boost": 1,
            "decay": 1
        },
        "attack": {
            "boost": 3,
            "decay": 1
        },
        "curr_health_boost": 5,
        "decay_duration": 5,
        "score_boost": 2,
        "sprite": "pizza.png"
    }
}
